tanggal,pm10,so2,co,o3,no2,max,critical,categori,lokasi_spku,
2012-11-01,98,31,51,276,23,276,4,O3,SANGAT TIDAK SEHAT,DKI2
2012-11-02,85,35,72,270,24,270,4,O3,SANGAT TIDAK SEHAT,DKI2
2012-11-03,87,28,61,282,24,282,4,O3,SANGAT TIDAK SEHAT,DKI2
2012-11-04,85,29,72,314,20,314,4,O3,BERBAHAYA,DKI2
2012-11-05,79,29,78,297,27,297,4,O3,SANGAT TIDAK SEHAT,DKI2
2012-11-06,67,30,47,270,22,270,4,O3,SANGAT TIDAK SEHAT,DKI2
2012-11-07,80,33,65,243,28,243,4,O3,SANGAT TIDAK SEHAT,DKI2
2012-11-08,62,30,42,287,20,287,4,O3,SANGAT TIDAK SEHAT,DKI2
2012-11-09,53,26,31,264,15,264,4,O3,SANGAT TIDAK SEHAT,DKI2
2012-11-10,65,30,118,271,25,271,4,O3,SANGAT TIDAK SEHAT,DKI2
2012-11-11,60,25,28,267,22,267,4,O3,SANGAT TIDAK SEHAT,DKI2
2012-11-12,59,27,39,246,22,246,4,O3,SANGAT TIDAK SEHAT,DKI2
2012-11-13,62,26,40,270,18,270,4,O3,SANGAT TIDAK SEHAT,DKI2
2012-11-14,93,34,83,279,23,279,4,O3,SANGAT TIDAK SEHAT,DKI2
2012-11-15,73,30,134,261,17,261,4,O3,SANGAT TIDAK SEHAT,DKI2
2012-11-16,83,29,78,105,19,105,4,O3,TIDAK SEHAT,DKI4
2012-11-17,79,30,29,266,20,266,4,O3,SANGAT TIDAK SEHAT,DKI2
2012-11-18,47,23,17,57,12,57,4,O3,SEDANG,DKI1
2012-11-19,51,30,35,221,22,221,4,O3,SANGAT TIDAK SEHAT,DKI2
2012-11-20,58,30,43,261,19,261,4,O3,SANGAT TIDAK SEHAT,DKI2
2012-11-21,75,32,73,154,27,154,4,O3,TIDAK SEHAT,DKI2
2012-11-22,71,30,48,185,18,185,4,O3,TIDAK SEHAT,DKI2
2012-11-23,69,33,40,203,22,203,4,O3,SANGAT TIDAK SEHAT,DKI2
2012-11-24,53,30,31,200,18,200,4,O3,SANGAT TIDAK SEHAT,DKI2
2012-11-25,62,36,38,238,18,238,4,O3,SANGAT TIDAK SEHAT,DKI2
2012-11-26,58,34,40,203,18,203,4,O3,SANGAT TIDAK SEHAT,DKI2
2012-11-27,84,37,52,215,18,215,4,O3,SANGAT TIDAK SEHAT,DKI2
2012-11-28,62,30,47,227,16,227,4,O3,SANGAT TIDAK SEHAT,DKI2
2012-11-29,69,32,49,218,22,218,4,O3,SANGAT TIDAK SEHAT,DKI2
2012-11-30,76,30,76,137,22,137,4,O3,TIDAK SEHAT,DKI2
,,,,,,,,,,
