tanggal,pm10,so2,co,o3,no2,max,critical,categori,lokasi_spku
2013-02-01,69,19,35,158,16,158,O3,TIDAK SEHAT,DKI2
2013-02-02,82,6,28,209,16,209,O3,SANGAT TIDAK SEHAT,DKI2
2013-02-03,69,21,63,135,22,135,O3,TIDAK SEHAT,DKI2
2013-02-04,87,14,55,128,25,128,O3,TIDAK SEHAT,DKI3
2013-02-05,59,9,37,158,21,158,O3,TIDAK SEHAT,DKI3
2013-02-06,52,7,28,151,14,151,O3,TIDAK SEHAT,DKI2
2013-02-07,59,9,57,213,21,213,O3,SANGAT TIDAK SEHAT,DKI2
2013-02-08,65,12,33,205,22,205,O3,SANGAT TIDAK SEHAT,DKI2
2013-02-09,70,7,34,180,30,180,O3,TIDAK SEHAT,DKI2
2013-02-10,65,20,38,185,19,185,O3,TIDAK SEHAT,DKI2
2013-02-11,72,21,50,164,23,164,O3,TIDAK SEHAT,DKI2
2013-02-12,70,17,35,158,20,158,O3,TIDAK SEHAT,DKI2
2013-02-13,51,10,31,213,19,213,O3,SANGAT TIDAK SEHAT,DKI2
2013-02-14,69,16,38,224,21,224,O3,SANGAT TIDAK SEHAT,DKI2
2013-02-15,59,11,34,196,17,196,O3,TIDAK SEHAT,DKI2
2013-02-16,49,7,21,174,11,174,O3,TIDAK SEHAT,DKI2
2013-02-17,33,5,20,134,10,134,O3,TIDAK SEHAT,DKI2
2013-02-18,45,8,33,153,15,153,O3,TIDAK SEHAT,DKI2
2013-02-19,44,7,32,104,14,104,O3,TIDAK SEHAT,DKI2
2013-02-20,58,8,42,145,13,145,O3,TIDAK SEHAT,DKI2
2013-02-21,54,7,44,152,19,152,O3,TIDAK SEHAT,DKI2
2013-02-22,50,6,25,64,11,64,O3,SEDANG,DKI2
2013-02-23,49,5,25,168,12,168,O3,TIDAK SEHAT,DKI2
2013-02-24,59,5,50,217,13,217,O3,SANGAT TIDAK SEHAT,DKI2
2013-02-25,52,6,24,134,15,134,O3,TIDAK SEHAT,DKI2
2013-02-26,57,5,31,213,14,213,O3,SANGAT TIDAK SEHAT,DKI2
2013-02-27,53,5,33,230,17,230,O3,SANGAT TIDAK SEHAT,DKI2
2013-02-28,47,6,21,185,7,185,O3,TIDAK SEHAT,DKI2
,,,,,,,,,
,,,,,,,,,
,,,,,,,,,
